{
    "conv2d_1": {
        "onnx_node_id": 0,
        "per_layer_max": 20.56405258178711,
        "per_layer_min": -16.96718406677246,
        "per_layer_mean": -0.07396363281221088,
        "per_layer_std": 4.9947484702661775,
        "kernel_max": 20.56405258178711,
        "kernel_min": -16.96718406677246,
        "kernel_mean": -0.05748485017197372,
        "kernel_std": 5.017282672132004,
        "group_max_list": [
            4.015349864959717,
            9.741540908813477,
            1.0762547254562378,
            3.1741669178009033,
            9.828168869018555,
            20.56405258178711,
            14.976629257202148,
            1.7052615880966187,
            16.056264877319336,
            9.667308807373047,
            9.286768913269043,
            9.380640029907227,
            2.185292959213257,
            8.78386116027832,
            9.83846378326416,
            3.0411577224731445
        ],
        "group_min_list": [
            -6.729866027832031,
            -12.380988121032715,
            -2.240173101425171,
            -2.50421142578125,
            -11.098602294921875,
            -16.96718406677246,
            -8.067606925964355,
            -7.312458515167236,
            -15.31326675415039,
            -9.197388648986816,
            -8.038675308227539,
            -8.358071327209473,
            -3.8126182556152344,
            -10.81009292602539,
            -9.950560569763184,
            -2.433006763458252
        ]
    },
    "leaky_re_lu_1": {
        "alpha": 0.10000000149011612
    }
}