{
    "per_layer":{
        "conv2d_1": {
            "onnx_node_id": 0,
            "per_layer_max": 2.356748104095459,
            "per_layer_min": -2.345592975616455,
            "per_layer_mean": -0.007760808714029584,
            "per_layer_std": 0.7666430890415733,
            "kernel_max": 2.356748104095459,
            "kernel_min": -2.345592975616455,
            "kernel_mean": -0.007760808714029584,
            "kernel_std": 0.7666430890415733,
            "kernel_num": 16
        },
        "batch_normalization_1": {
            "a_max": 0.9999995000003763,
            "a_min": 0.9999995000003763,
            "a_mean": 0.9999995000003763,
            "a_std": 0.0,
            "b_max": 1.0,
            "b_min": 1.0,
            "b_mean": 1.0,
            "b_std": 0.0
        }
        },
    "per_channel_weight":{
        "conv2d_1": {
            "onnx_node_id": 0,
            "per_layer_max": 2.356748104095459,
            "per_layer_min": -2.345592975616455,
            "per_layer_mean": -0.007760808714029584,
            "per_layer_std": 0.7666430890415733,
            "kernel_max": 2.356748104095459,
            "kernel_min": -2.345592975616455,
            "kernel_mean": -0.007760808714029584,
            "kernel_std": 0.7666430890415733,
            "group_max_list": [
                0.4927622079849243,
                0.45581018924713135,
                0.399084210395813,
                1.2469570636749268,
                0.8832346796989441,
                1.4625616073608398,
                1.3132872581481934,
                0.13615205883979797,
                1.6933470964431763,
                2.3251352310180664,
                2.1506519317626953,
                2.356748104095459,
                0.4869629144668579,
                1.4828439950942993,
                2.319169044494629,
                0.9477818608283997
            ],
            "group_min_list": [
                -0.8258866667747498,
                -0.5793108344078064,
                -0.8306748867034912,
                -0.9837680459022522,
                -0.9974055886268616,
                -1.2067441940307617,
                -0.7074412107467651,
                -0.5838437080383301,
                -1.614988088607788,
                -2.2121121883392334,
                -1.861615538597107,
                -2.0998427867889404,
                -0.8495902419090271,
                -1.8249014616012573,
                -2.345592975616455,
                -0.7582505941390991
            ]
        },
        "batch_normalization_1": {
            "a_max_list": [
                0.9999995000003763,
                0.9999995000003763,
                0.9999995000003763,
                0.9999995000003763,
                0.9999995000003763,
                0.9999995000003763,
                0.9999995000003763,
                0.9999995000003763,
                0.9999995000003763,
                0.9999995000003763,
                0.9999995000003763,
                0.9999995000003763,
                0.9999995000003763,
                0.9999995000003763,
                0.9999995000003763,
                0.9999995000003763
            ],
            "a_min_list": [
                0.9999995000003763,
                0.9999995000003763,
                0.9999995000003763,
                0.9999995000003763,
                0.9999995000003763,
                0.9999995000003763,
                0.9999995000003763,
                0.9999995000003763,
                0.9999995000003763,
                0.9999995000003763,
                0.9999995000003763,
                0.9999995000003763,
                0.9999995000003763,
                0.9999995000003763,
                0.9999995000003763,
                0.9999995000003763
            ],
            "b_max_list": [
                1.0,
                1.0,
                1.0,
                1.0,
                1.0,
                1.0,
                1.0,
                1.0,
                1.0,
                1.0,
                1.0,
                1.0,
                1.0,
                1.0,
                1.0,
                1.0
            ],
            "b_min_list": [
                1.0,
                1.0,
                1.0,
                1.0,
                1.0,
                1.0,
                1.0,
                1.0,
                1.0,
                1.0,
                1.0,
                1.0,
                1.0,
                1.0,
                1.0,
                1.0
            ]
        }
    }

}